method,time,memory,ram
load_dataset,2.1257596015930176,284762112,0
split,4.356287240982056,32907264,0
