method,time,memory,ram
load_dataset,2.4622750282287598,308477952,0
split,3.7771501541137695,26947584,0
