method,time,memory,ram
load_dataset,4.513428211212158,253399040,0
split,4.41713809967041,28536832,0
