method,time,memory,ram
load_dataset,3.129709005355835,181760000,0
split,15.422826290130615,53100544,0
