method,time,memory,ram
load_dataset,2.777834177017212,195264512,0
split,14.554931402206421,55586816,0
