method,time,memory,ram
load_dataset,6.437999486923218,183562240,0
split,20.36968207359314,52158464,0
