method,time,memory,ram
load_dataset,2.974534034729004,196284416,0
split,9.588804006576538,47628288,0
