method,time,memory,ram
load_dataset,4.015426874160767,185614336,0
split,14.233269929885864,57167872,0
