method,time,memory,ram
load_dataset,2.5249593257904053,181370880,0
split,8.932999610900879,59174912,0
