method,time,memory,ram
load_dataset,2.679708480834961,188108800,0
split,7.978736162185669,57290752,0
