method,time,memory,ram
load_dataset,3.742794990539551,180682752,0
split,23.450007677078247,66842624,0
