method,time,memory,ram
load_dataset,8.913707733154297,1064165376,0
done,2.3842241764068604,489410560,0
split,10.677822589874268,1111584768,0
