method,time,memory,ram
load_dataset,12.219633102416992,1483628544,0
done,4.073439598083496,657993728,0
split,10.852800369262695,506245120,0
