method,time,memory,ram
load_dataset,13.852519035339355,1131855872,0
done,2.353588581085205,231378944,0
split,15.342374801635742,1353113600,0
