method,time,memory,ram
load_dataset,18.21092700958252,1200218112,0
done,2.9051952362060547,239771648,0
split,12.290685176849365,1140363264,0
