method,time,memory,ram
load_dataset,14.969453573226929,1023184896,0
done,3.036098003387451,225439744,0
split,14.549744606018066,1606938624,0
