method,time,memory,ram
load_dataset,35.32327938079834,1787572224,0
done,15.391036987304688,925904896,0
