method,time,memory,ram
load_dataset,13.477636575698853,1244995584,0
done,2.654188871383667,247709696,0
split,9.953770637512207,970055680,0
