method,time,memory,ram
load_dataset,14.986655712127686,1604653056,0
done,3.8349406719207764,654262272,0
split,16.527149438858032,301645824,0
