method,time,memory,ram
load_dataset,1.8246381282806396,420880384,0
done,0.0014605522155761719,0,0
split,0.5949711799621582,774144,0
