method,time,memory,ram
load_dataset,0.8237872123718262,436207616,0
done,0.0008602142333984375,0,0
split,0.411419153213501,0,0
