method,time,memory,ram
load_dataset,0.5634105205535889,424267776,0
done,0.0008783340454101562,0,0
split,0.29688096046447754,2609152,0
