method,time,memory,ram
load_dataset,0.952223539352417,406761472,0
done,0.0012149810791015625,0,0
split,0.38799095153808594,163840,0
