method,time,memory,ram
load_dataset,13.86142635345459,1075589120,0
done,3.2581305503845215,295821312,0
split,11.629178762435913,1027846144,0
