method,time,memory,ram
load_dataset,53.112197160720825,1167765504,0
done,11.18080186843872,527220736,0
