method,time,memory,ram
load_dataset,44.030097246170044,1403289600,0
done,8.071421146392822,50020352,0
