method,time,memory,ram
load_dataset,20.211886882781982,1327513600,0
done,3.090209484100342,291336192,0
split,11.856583833694458,953253888,0
groupby,8.359711647033691,93429760,0
