method,time,memory,ram
load_dataset,70.24898338317871,1499381760,0
done,17.5963613986969,301936640,0
