method,time,memory,ram
load_dataset,13.423715829849243,1018478592,0
done,3.00341796875,240078848,0
split,16.26782751083374,1035522048,0
