method,time,memory,ram
load_dataset,38.01295733451843,1380560896,0
done,19.427980422973633,728473600,0
