method,time,memory,ram
load_dataset,35.898457765579224,1597726720,0
done,19.258906602859497,887668736,0
split,35.74672245979309,196399104,0
