method,time,memory,ram
load_dataset,0.7094860076904297,87805952,0
done,0.0008101463317871094,0,0
split,0.0008537769317626953,0,0
