method,time,memory,ram
load_dataset,1.1474609375,88666112,0
done,0.0011107921600341797,0,0
split,0.0005726814270019531,0,0
