method,time,memory,ram
load_dataset,0.5208213329315186,86974464,0
done,0.0008590221405029297,0,0
split,0.0009424686431884766,0,0
