method,time,memory,ram
load_dataset,0.8811917304992676,85524480,0
done,0.0017728805541992188,0,0
split,0.0009565353393554688,0,0
