method,time,memory,ram
load_dataset,1.7742671966552734,90947584,0
done,0.0009775161743164062,0,0
split,0.0014019012451171875,0,0
