method,time,memory,ram
load_dataset,1.5627326965332031,75591680,0
done,0.0008728504180908203,0,0
split,0.011276483535766602,0,0
