method,time,memory,ram
load_dataset,1.4727954864501953,86822912,0
done,0.0013859272003173828,0,0
split,0.0015342235565185547,0,0
