method,time,memory,ram
load_dataset,2.045264720916748,83267584,0
done,0.0015974044799804688,0,0
split,0.00112152099609375,0,0
