method,time,memory,ram
load_dataset,1.9673895835876465,84566016,0
done,0.0018706321716308594,0,0
split,0.0053560733795166016,0,0
