method,time,memory,ram
load_dataset,0.45699620246887207,85524480,0
done,0.0006835460662841797,0,0
split,0.0007355213165283203,0,0
