method,time,memory,ram
load_dataset,1.0238046646118164,86507520,0
done,0.0016002655029296875,0,0
split,0.0010373592376708984,0,0
