method,time,memory,ram
load_dataset,0.3804190158843994,76599296,0
done,0.0004038810729980469,0,0
split,0.0003612041473388672,0,0
