method,time,memory,ram
load_dataset,0.9259810447692871,294330368,0
done,0.0008463859558105469,0,0
split,10.767854928970337,129794048,0
