method,time,memory,ram
load_dataset,0.1529834270477295,292876288,0
done,0.0002491474151611328,0,0
split,4.079943895339966,157560832,0
