method,time,memory,ram
load_dataset,0.2664968967437744,284688384,0
done,0.0003857612609863281,0,0
split,5.15825629234314,160595968,0
