method,time,memory,ram
load_dataset,0.9644854068756104,324419584,0
done,0.0005483627319335938,0,0
split,10.015798330307007,120565760,0
