method,time,memory,ram
load_dataset,0.24230241775512695,282677248,0
done,0.00047659873962402344,0,0
split,6.218502998352051,167886848,0
