method,time,memory,ram
load_dataset,0.2313830852508545,282107904,0
done,0.0008122920989990234,0,0
split,4.761265277862549,170098688,0
groupby,0.7818498611450195,50884608,0
done,0.0002608299255371094,0,0
