method,time,memory,ram
load_dataset,0.1372387409210205,266170368,0
done,0.0003693103790283203,0,0
split,4.93791389465332,164519936,0
groupby,0.8235313892364502,32907264,0
done,0.000347137451171875,0,0
