method,time,memory,ram
load_dataset,0.9491393566131592,267321344,0
done,0.00021719932556152344,0,0
split,3.704381227493286,183623680,0
