method,time,memory,ram
load_dataset,0.14662790298461914,292700160,0
done,0.00032639503479003906,0,0
split,3.4775936603546143,152760320,0
groupby,0.6513242721557617,47603712,0
done,0.00030350685119628906,0,0
