method,time,memory,ram
load_dataset,0.1677248477935791,290086912,0
done,0.00024199485778808594,0,0
split,3.5092647075653076,148340736,0
groupby,0.7311718463897705,38838272,0
done,0.0003299713134765625,0,0
