method,time,memory,ram
load_dataset,15.91514801979065,1230147584,0
done,2.8544299602508545,261111808,0
split,16.395242929458618,1102577664,0
