method,time,memory,ram
load_dataset,17.24427056312561,1299632128,0
done,3.3366904258728027,630980608,0
