method,time,memory,ram
load_dataset,13.515332460403442,1098137600,0
done,2.0928211212158203,349220864,0
split,6.0063066482543945,970485760,0
