method,time,memory,ram
load_dataset,0.30381274223327637,288604160,0
done,0.0007619857788085938,0,0
split,8.274343252182007,173424640,0
