method,time,memory,ram
load_dataset,0.12903070449829102,275390464,0
done,0.0002429485321044922,0,0
split,3.539525032043457,169754624,0
