method,time,memory,ram
load_dataset,0.1982746124267578,273256448,0
done,0.0002779960632324219,0,0
split,4.163458824157715,171429888,0
