method,time,memory,ram
load_dataset,0.2847907543182373,287002624,0
done,0.0014443397521972656,0,0
split,7.24046516418457,159825920,0
