method,time,memory,ram
load_dataset,0.14227795600891113,302596096,0
done,0.00023603439331054688,0,0
split,3.3199100494384766,144187392,0
