method,time,memory,ram
load_dataset,0.123687744140625,289202176,0
done,0.00021457672119140625,0,0
split,3.4839136600494385,160538624,0
