method,time,memory,ram
load_dataset,0.38045763969421387,298274816,0
done,0.0009610652923583984,0,0
split,9.073247909545898,162226176,0
