method,time,memory,ram
load_dataset,0.43093204498291016,282705920,0
done,0.0009758472442626953,0,0
split,7.410568952560425,156291072,0
