method,time,memory,ram
load_dataset,0.1498572826385498,300199936,0
done,0.00022530555725097656,0,0
split,3.3940064907073975,150638592,0
