method,time,memory,ram
load_dataset,0.12893986701965332,286310400,0
done,0.00022459030151367188,0,0
split,3.4597830772399902,167104512,0
