method,time,memory,ram
load_dataset,22.79831576347351,1108078592,0
done,4.7859838008880615,249704448,0
