method,time,memory,ram
load_dataset,0.18692660331726074,78016512,0
done,0.00029277801513671875,0,0
split,0.0002665519714355469,0,0
