method,time,memory,ram
load_dataset,0.42033982276916504,83329024,0
done,0.0005195140838623047,0,0
split,0.0004124641418457031,0,0
