method,time,memory,ram
load_dataset,0.15325379371643066,78102528,0
done,0.0002853870391845703,0,0
split,0.00024127960205078125,0,0
