method,time,memory,ram
load_dataset,1.0312211513519287,84226048,0
done,0.0010597705841064453,0,0
split,0.0008137226104736328,0,0
