method,time,memory,ram
load_dataset,1.3568203449249268,89239552,0
done,0.0008845329284667969,0,0
split,0.0006961822509765625,0,0
