method,time,memory,ram
load_dataset,1.8114080429077148,89276416,0
done,0.0009899139404296875,0,0
split,0.0007541179656982422,0,0
