method,time,memory,ram
load_dataset,1.4659807682037354,86974464,0
done,0.0011942386627197266,0,0
split,0.000865936279296875,0,0
