method,time,memory,ram
load_dataset,0.16580986976623535,85217280,0
done,0.0003833770751953125,0,0
split,0.0003063678741455078,0,0
