method,time,memory,ram
load_dataset,0.9583957195281982,90738688,0
done,0.0017311573028564453,0,0
split,0.0009732246398925781,0,0
