method,time,memory,ram
load_dataset,1.0369627475738525,89886720,0
done,0.0007138252258300781,0,0
split,0.0006113052368164062,0,0
