method,time,memory,ram
load_dataset,0.336794376373291,85045248,0
done,0.0006020069122314453,0,0
split,0.0005581378936767578,0,0
