method,time,memory,ram
load_dataset,0.5324041843414307,87113728,0
done,0.0005197525024414062,0,0
split,0.0004239082336425781,0,0
