method,time,memory,ram
load_dataset,1.1372060775756836,80629760,0
done,0.0008268356323242188,0,0
split,0.0008287429809570312,0,0
