method,time,memory,ram
load_dataset,1.568972110748291,86953984,0
done,0.004633426666259766,0,0
split,0.0010695457458496094,0,0
