method,time,memory,ram
load_dataset,0.3807964324951172,81907712,0
done,0.00034308433532714844,0,0
split,0.0002624988555908203,0,0
