method,time,memory,ram
load_dataset,1.6849374771118164,87617536,0
done,0.0007822513580322266,0,0
split,0.0007643699645996094,0,0
