method,time,memory,ram
load_dataset,0.2645859718322754,69808128,0
done,0.00047588348388671875,0,0
split,0.0004076957702636719,0,0
