method,time,memory,ram
load_dataset,0.2823202610015869,94724096,0
done,0.00047469139099121094,0,0
split,0.0005750656127929688,0,0
