method,time,memory,ram
load_dataset,0.7004604339599609,85164032,0
done,0.0007228851318359375,0,0
split,0.0005142688751220703,0,0
