method,time,memory,ram
load_dataset,0.6373558044433594,82034688,0
done,0.0009009838104248047,0,0
split,0.0006525516510009766,0,0
