method,time,memory,ram
load_dataset,0.6139647960662842,85463040,0
done,0.0009844303131103516,0,0
split,0.0005838871002197266,0,0
