method,time,memory,ram
load_dataset,1.2589468955993652,80437248,0
done,0.0007898807525634766,0,0
split,0.0007171630859375,0,0
