method,time,memory,ram
load_dataset,0.26078200340270996,94158848,0
done,0.0004360675811767578,0,0
split,0.0004668235778808594,0,0
