method,time,memory,ram
load_dataset,1.1134483814239502,75440128,0
done,0.0027959346771240234,0,0
split,0.0008776187896728516,0,0
