method,time,memory,ram
load_dataset,0.650291919708252,73613312,0
done,0.0007936954498291016,0,0
split,0.0003294944763183594,0,0
