method,time,memory,ram
load_dataset,0.7239692211151123,83857408,0
done,0.0005931854248046875,0,0
split,0.0006458759307861328,0,0
