method,time,memory,ram
load_dataset,1.194493055343628,80236544,0
done,0.0007359981536865234,0,0
split,0.0007083415985107422,0,0
