method,time,memory,ram
load_dataset,0.15153813362121582,80113664,0
done,0.0003261566162109375,0,0
split,0.00025010108947753906,0,0
