method,time,memory,ram
load_dataset,0.3157017230987549,75927552,0
done,0.0003371238708496094,0,0
split,0.0002846717834472656,0,0
