method,time,memory,ram
load_dataset,2.222038984298706,89006080,0
done,0.0020771026611328125,0,0
split,0.0008301734924316406,0,0
