method,time,memory,ram
load_dataset,0.2247927188873291,87633920,0
done,0.00042176246643066406,0,0
split,0.000274658203125,258048,0
