method,time,memory,ram
load_dataset,0.30265021324157715,87920640,0
done,0.0002930164337158203,0,0
split,0.00031447410583496094,0,0
