method,time,memory,ram
load_dataset,1.2295255661010742,85245952,0
done,0.0008466243743896484,0,0
split,0.0008087158203125,0,0
