method,time,memory,ram
load_dataset,1.2780864238739014,80109568,0
done,0.0011227130889892578,0,0
split,0.0007071495056152344,0,0
