method,time,memory,ram
load_dataset,1.171884536743164,77283328,0
done,0.0008306503295898438,0,0
split,0.0011181831359863281,0,0
