method,time,memory,ram
load_dataset,0.4863762855529785,85606400,0
done,0.00034880638122558594,0,0
split,0.0005986690521240234,0,0
