method,time,memory,ram
load_dataset,1.6353042125701904,79007744,0
done,0.0008780956268310547,0,0
split,0.0007696151733398438,0,0
