method,time,memory,ram
load_dataset,2.1870381832122803,84938752,0
done,0.0012013912200927734,0,0
split,0.0010707378387451172,0,0
