method,time,memory,ram
load_dataset,0.26141905784606934,78270464,0
done,0.00031685829162597656,0,0
split,0.000377655029296875,0,0
