method,time,memory,ram
load_dataset,0.6499297618865967,84942848,0
done,0.001474142074584961,0,0
split,0.000751495361328125,0,0
