method,time,memory,ram
load_dataset,14.409844875335693,189272064,0
split,7.370180130004883,19271680,0
