method,time,memory,ram
load_dataset,7.360138416290283,168271872,0
split,8.707944631576538,23293952,0
