method,time,memory,ram
load_dataset,12.034886360168457,260857856,0
split,16.23493456840515,7200768,0
