method,time,memory,ram
load_dataset,3.489352226257324,290717696,0
split,6.558605909347534,19787776,0
