method,time,memory,ram
load_dataset,1.7585532665252686,288296960,0
split,3.81469988822937,20787200,0
