method,time,memory,ram
load_dataset,2.489445686340332,289525760,0
split,4.782356023788452,16670720,0
