method,time,memory,ram
load_dataset,2.92185115814209,295559168,0
split,8.789905309677124,22761472,0
