method,time,memory,ram
load_dataset,2.600677728652954,289198080,0
split,8.72727656364441,12431360,0
