method,time,memory,ram
load_dataset,2.734107732772827,292286464,0
split,7.626831769943237,18337792,0
