method,time,memory,ram
load_dataset,3.8061156272888184,286347264,0
split,7.887501001358032,24383488,0
