method,time,memory,ram
load_dataset,2.7635257244110107,297148416,0
split,10.829256057739258,6848512,0
