method,time,memory,ram
load_dataset,2.66430401802063,289570816,0
split,7.499889612197876,10055680,0
