method,time,memory,ram
load_dataset,3.854355573654175,294268928,0
split,6.620023488998413,14061568,0
