method,time,memory,ram
load_dataset,3.657226085662842,285638656,0
split,5.89766263961792,14204928,0
