method,time,memory,ram
load_dataset,3.7618699073791504,296902656,0
split,7.648620843887329,15224832,0
