method,time,memory,ram
load_dataset,2.4635655879974365,285593600,0
split,6.420282602310181,17485824,0
