method,time,memory,ram
load_dataset,3.5782203674316406,288014336,0
split,7.506948947906494,18755584,0
