method,time,memory,ram
load_dataset,2.742000102996826,294440960,0
split,7.7018723487854,8368128,0
