method,time,memory,ram
load_dataset,4.065644264221191,284798976,0
split,8.129494190216064,31137792,0
