method,time,memory,ram
load_dataset,3.6429712772369385,293720064,0
split,8.024412393569946,17616896,0
