method,time,memory,ram
load_dataset,3.7307350635528564,283832320,0
split,9.377727270126343,15294464,0
